nama_produk,harga,kategori,kota
Paddles Back Button Attachment Key Stick Stik PS4 DUALSHOCK 4,110000,Aksesoris,
Stick Stik Controller Gamepad PS2 TW Warna,31000,Joystick & Gamepad,
Kontrol Freek FPS Thumb Grip Analog Stik Stick Xbox One Series Phantom,59500,Joystick & Gamepad,
Kontrol Freek FPS Thumb Grip Karet Silikon Analog Stik Stick PS4 PS5 Modern Warfare,59500,Joystick & Gamepad,
Kontrol Freek FPS Thumb Grip Silikon Analog Stik Stick PS4 PS5 INFERNO,59500,Joystick & Gamepad,
Kontrol Freek FPS Thumb Grip Karet Silikon Analog Stik Stick PS4 PS5 Classic,59500,Joystick & Gamepad,
Kontrol Freek Thumb Grip Silikon Analog Stik Stick PS4 PS5 Call Of Duty Grav Slam,59500,Joystick & Gamepad,
Topi Tutup Jamur Tombol Analog Stik Stick Xbox ONE Series,2400,Joystick & Gamepad,
Stik Stick Joystick Gamepad Xbox Series ONE PC PS3 Grey WIRELESS,300000,Joystick & Gamepad,
Rak Storage Stand Tempat Penyimpanan Disc Kaset Xbox Series PS4 PS5,129000,Aksesoris,
Tas Airfoam Pouch Dompet Pocket Travel Bag Nintendo Switch Lite OLED,60000,Aksesoris,
Tas Airfoam Pouch Dompet Case Travel Bag Nintendo Switch Lite OLED,60000,Aksesoris,
Batre Baterai Battery PSP Fat 1000 Stamina 1800 mAh,50000,Aksesoris,
Power Supply Mesin PS2 Fat Seri 5 5000X 50001 50006,50000,Aksesoris,
Tombol Analog Replacement Part PS Vita PSVita Slim 2000 2001,37500,Joystick & Gamepad,
PS2 To HDMI Adapter Converter PS1 PS2 PS3 Ke HDMI Resolusi 720 1080 HD,45000,Aksesoris,
Bluetooth USB 5.0 V5.0 CSR Mini Dongle Adapter Transmitter Receiver,26000,Aksesoris Lainnya,
Silikon Silicone Karet Cover Case Pro Controller Nintendo Switch OLED,50000,Aksesoris,
Silikon Silicone Karet Cover Pro Controller Nintendo Switch Lite OLED,50000,Aksesoris,
Silikon Silicone Karet Cover Pro Controller Nintendo Switch OLED Biru,32000,Aksesoris,
Silikon Silicone Karet Cover Pro Controller Nintendo Switch OLED Merah,32000,Aksesoris,
Silikon Silicone Karet Cover Pro Controller Nintendo Switch Lite OLED Hitam,32000,Aksesoris,
Silikon Silicone Karet Cover Pro Controller Nintendo Switch Lite OLED Biru,32000,Aksesoris,
Silikon Silicone Karet Cover Case Pro Controller Nintendo Switch Lite OLED Putih,32000,Aksesoris,
Charging Stand Dock Battery Baterai Batre Stick Stik Xbox Series X S iplay,150000,Aksesoris,
Battery Pack Rechargeable Batre Baterai Stik Stick Xbox One Series X S,74000,Aksesoris,
Poke Ball Bag Tas Dompet Protective Tempat Simpan Nintendo Switch OLED Hitam,29000,Aksesoris,
Microphone Mic Pro USB Universal PS4 PS5 Xbox One Series Nintendo Switch,99000,Aksesoris,
Silikon Silicone Pelindung Karet Cover Nintendo Switch Lite Grey,48000,Aksesoris,
Silikon Silicone Pelindung Karet Cover Nintendo Switch Lite White,48000,Aksesoris,
Silikon Silicone Pelindung Karet Cover Nintendo Switch Lite,48000,Aksesoris,
Charging Pad Cooling Fan Kipas Hand Grip Nintendo Switch Lite OLED Biru,250000,Aksesoris,
Fanny Pack Tas Slempang Dompet Tempat Simpan Nintendo Switch Lite OLED,125000,Aksesoris,
Hand Grip Handle Stand Body Gagang Pegangan Nintendo Switch Lite OLED,95000,Aksesoris,
Pistol Tembakan Game Gun Shooting Handle Move Controller PS3 PS4 PS5,140000,Aksesoris,
Stick Stik Wireless Pro Controller Nintendo Switch Lite OLED PC N-SL Putih,163000,Aksesoris,
Stick Stik Wireless Pro Controller Nintendo Switch Lite OLED Laptop N-SL Putih,163000,Aksesoris,
Stick Stik Wireless Pro Controller Nintendo Switch Lite OLED PC N-SL Hitam,163000,Aksesoris,
Stick Stik Wireless Pro Controller Nintendo Switch Lite OLED Laptop N-SL Hitam,163000,Aksesoris,
Stick Stik Wireless Pro Controller Nintendo Switch Lite OLED PC N-SL Pink,163000,Aksesoris,
PXN V3 Pro Steering Wheel Racing Stir Setir For PS3 PS4 PS5 PC Xbox Series Nintendo Series,980000,Aksesoris,
PXN V3 Pro Steering Wheel Racing Stir Setir PS3 PS4 PS5 PC Xbox Series Nintendo Switch,980000,Aksesoris,
Topi Jamur Tombol Analog Stik Stick PS2 PS3 Besi Lubang Kecil,1300,Joystick & Gamepad,
Vertical Vertikal Magic Stand Berdiri Dudukan Mesin PS4 Pro,34500,Aksesoris,
Vertical Vertikal Magic Stand Berdiri Dudukan Mesin PS4 Slim,38000,Aksesoris,
Wii Zapper Gun Shooting Pistol Nintendo Wii Remote Nunchuck Controller,72500,Joystick & Gamepad,
Wiimote + Nunchuk Controller Build In Motion Plus Nintendo Wii Hitam,200000,Joystick & Gamepad,
Wiimote + Nunchuk Controller Build In Motion Plus Nintendo Wii Merah,200000,Aksesoris,
Racing Wheel Stir Kemudi Mario Go Kart Steering Wiimote Nintendo Wii,60000,Aksesoris,
2 Stik Stick Gamepad Joystick PS2 Original Pabrik Hitam Converter Double PS3 PC Laptop,115000,Aksesoris,
